epoch,accuracy,loss,val_accuracy,val_loss
0,0.6772188,1.1922502828568593,0.863792896270752,0.384112149477005
